keyword,count,frequency
corporate social responsibility,233,0.4198
csr,80,0.1441
corporate social responsibility (csr),37,0.0667
customer loyalty,33,0.0595
sustainability,32,0.0577
customer satisfaction,26,0.0468
brand image,26,0.0468
purchase intention,22,0.0396
trust,18,0.0324
corporate image,17,0.0306
sustainable development,16,0.0288
brand loyalty,16,0.0288
loyalty,15,0.027
brand equity,14,0.0252
corporate reputation,13,0.0234
social media,13,0.0234
reputation,12,0.0216
customer trust,12,0.0216
willingness to pay,11,0.0198
organizational identification,11,0.0198
banks,10,0.018
competitive advantage,10,0.018
covid-19,10,0.018
consumer behavior,9,0.0162
brand identification,9,0.0162
firm performance,9,0.0162
china,9,0.0162
service quality,9,0.0162
brand awareness,8,0.0144
brand trust,8,0.0144
sem,8,0.0144
affective commitment,8,0.0144
pakistan,8,0.0144
purchase intentions,8,0.0144
satisfaction,8,0.0144
identification,8,0.0144
india,7,0.0126
word of mouth,7,0.0126
financial performance,7,0.0126
environment,7,0.0126
meta-analysis,7,0.0126
developing country,7,0.0126
social responsibility,6,0.0108
corporate sustainability,6,0.0108
systematic review,6,0.0108
banking industry,6,0.0108
stakeholder engagement,6,0.0108
organizational commitment,6,0.0108
job satisfaction,6,0.0108
hospitality,6,0.0108
sustainable consumption,6,0.0108
altruism,5,0.009
perceived csr,5,0.009
organizational trust,5,0.009
social identity theory,5,0.009
csr authenticity,5,0.009
pls-sem,5,0.009
co-creation,5,0.009
ethical leadership,5,0.009
theory of planned behavior,5,0.009
subjective norms,5,0.009
banking sector,5,0.009
corporate ability,5,0.009
vietnam,5,0.009
customers,5,0.009
structural equation modelling,5,0.009
social exchange theory,5,0.009
employee engagement,5,0.009
gender,5,0.009
employees,5,0.009
structural equation modeling,5,0.009
brand credibility,4,0.0072
consumer behaviour,4,0.0072
revisit intention,4,0.0072
green brand loyalty,4,0.0072
green marketing,4,0.0072
crisis,4,0.0072
consumer trust,4,0.0072
emotions,4,0.0072
brand experience,4,0.0072
bibliometric analysis,4,0.0072
organizational performance,4,0.0072
retail,4,0.0072
spain,4,0.0072
sustainable performance,4,0.0072
smes,4,0.0072
attitude,4,0.0072
ethics,4,0.0072
mediation,4,0.0072
environmental responsibility,4,0.0072
banking,4,0.0072
systematic literature review,4,0.0072
awareness,4,0.0072
consumer,4,0.0072
legitimacy,4,0.0072
pro-environmental behavior,4,0.0072
employee commitment,4,0.0072
customer citizenship behavior,4,0.0072
quality of life,4,0.0072
corporate branding,4,0.0072
emerging markets,4,0.0072
content analysis,4,0.0072
corporate responsibility,3,0.0054
corporate philanthropy,3,0.0054
organizational pride,3,0.0054
bibliometrics,3,0.0054
perceived corporate social responsibility,3,0.0054
consumer satisfaction,3,0.0054
ewom,3,0.0054
perceived quality,3,0.0054
latent class model,3,0.0054
csr communication,3,0.0054
green trust,3,0.0054
hotel industry,3,0.0054
corporate social irresponsibility,3,0.0054
image,3,0.0054
fit,3,0.0054
sustainable development goals,3,0.0054
review,3,0.0054
perceived behavioral control,3,0.0054
esg,3,0.0054
consumer ethnocentrism,3,0.0054
environmental corporate social responsibility,3,0.0054
iran,3,0.0054
e-trust,3,0.0054
resilience,3,0.0054
tourism,3,0.0054
personal values,3,0.0054
internationalization,3,0.0054
values,3,0.0054
customer perceived ethicality,3,0.0054
electronic word of mouth,3,0.0054
hotel,3,0.0054
generation z,3,0.0054
voluntary pro-environmental behavior,3,0.0054
strategic management,3,0.0054
environmental management,3,0.0054
environmental concern,3,0.0054
customer engagement,3,0.0054
twitter,3,0.0054
saudi arabia,3,0.0054
organisational commitment,3,0.0054
csr support,3,0.0054
life insurance,3,0.0054
micro-csr,3,0.0054
perceived external prestige,3,0.0054
philanthropy,3,0.0054
attitudinal loyalty,3,0.0054
customer-company identification,3,0.0054
stakeholders,3,0.0054
environmental sustainability,3,0.0054
m14,2,0.0036
society,2,0.0036
climate change,2,0.0036
employee happiness,2,0.0036
restaurant industry,2,0.0036
wom,2,0.0036
e-wom,2,0.0036
green innovation,2,0.0036
relationship quality,2,0.0036
literature review,2,0.0036
csr perception,2,0.0036
consumer company identification,2,0.0036
behavioural intentions,2,0.0036
covid-19 pandemic,2,0.0036
corporate environmental responsibility,2,0.0036
csr practices,2,0.0036
environmental,2,0.0036
thematic analysis,2,0.0036
business ethics,2,0.0036
healthcare,2,0.0036
social,2,0.0036
daily expenditure,2,0.0036
bangladesh,2,0.0036
organisational identification,2,0.0036
consumers,2,0.0036
internal corporate social responsibility,2,0.0036
marketing,2,0.0036
employment,2,0.0036
poverty alleviation,2,0.0036
competence,2,0.0036
impact,2,0.0036
competitiveness,2,0.0036
environmental csr,2,0.0036
s-o-r framework,2,0.0036
entrepreneurs,2,0.0036
social networks,2,0.0036
bank reputation,2,0.0036
retail banking,2,0.0036
sharing economy,2,0.0036
governance,2,0.0036
mandatory csr,2,0.0036
developing countries,2,0.0036
repurchase intention,2,0.0036
strategic communication,2,0.0036
social contribution,2,0.0036
scale development,2,0.0036
performance,2,0.0036
influencer marketing,2,0.0036
green brand image,2,0.0036
green purchase intention,2,0.0036
sdgs,2,0.0036
behavior intention,2,0.0036
brand authenticity,2,0.0036
deontic justice theory,2,0.0036
sme,2,0.0036
sustainable consumption behavior,2,0.0036
sustainability reporting,2,0.0036
service failure,2,0.0036
csr engagement,2,0.0036
brand management,2,0.0036
marketing research,2,0.0036
japan,2,0.0036
mnes,2,0.0036
company reputation,2,0.0036
customer identification,2,0.0036
perception,2,0.0036
agri-food,2,0.0036
cooperatives,2,0.0036
country of origin,2,0.0036
pls,2,0.0036
environmental awareness,2,0.0036
norm activation model,2,0.0036
greenwashing,2,0.0036
brand attitude,2,0.0036
corporate financial performance,2,0.0036
religiosity,2,0.0036
ascription of responsibility,2,0.0036
stimulus-organism-response theory,2,0.0036
responsibility,2,0.0036
consumer engagement,2,0.0036
knowledge,2,0.0036
ghana,2,0.0036
brand love,2,0.0036
cellular service industry,2,0.0036
brand reputation,2,0.0036
corporate brands,2,0.0036
value co-creation,2,0.0036
green csr,2,0.0036
purchase behaviour,2,0.0036
"environmental, social, and governance (esg)",2,0.0036
circular economy,2,0.0036
service,2,0.0036
stakeholder theory,2,0.0036
employer branding,2,0.0036
internal csr,2,0.0036
economic dimension,2,0.0036
social dimension,2,0.0036
positive word of mouth,2,0.0036
responsible leadership,2,0.0036
emerging market,2,0.0036
institutional theory,2,0.0036
gratitude,2,0.0036
mobile commerce,2,0.0036
corporate credibility,2,0.0036
csr image,2,0.0036
brand commitment,2,0.0036
consumer-perceived ethicality,2,0.0036
creativity,2,0.0036
innovation,2,0.0036
consumer–company identification,2,0.0036
customer citizenship behaviour,2,0.0036
csr-fit,2,0.0036
perception of corporate social responsibility,2,0.0036
ghrm,2,0.0036
regional identity,2,0.0036
south asia,2,0.0036
lockdown,2,0.0036
qualitative analysis,2,0.0036
board of directors,2,0.0036
commitment,2,0.0036
environmental knowledge,2,0.0036
pandemic,2,0.0036
green image,2,0.0036
banking customers,2,0.0036
customer awareness,2,0.0036
sustainability practices,2,0.0036
framing,2,0.0036
employee satisfaction,2,0.0036
emerging economy,2,0.0036
times of crisis,2,0.0036
attitudes,2,0.0036
corporate hypocrisy,2,0.0036
well-being,2,0.0036
football,2,0.0036
relationship age,2,0.0036
credibility,2,0.0036
millennials,2,0.0036
s-o-r model,2,0.0036
south korea,2,0.0036
culture,2,0.0036
corporate governance,2,0.0036
bank,2,0.0036
ethical consumption,2,0.0036
behavioral loyalty,2,0.0036
organizational legitimacy,2,0.0036
corporate marketing,2,0.0036
nigeria,2,0.0036
luxury,2,0.0036
food sector,2,0.0036
perceived value,2,0.0036
economic responsibility,2,0.0036
philanthropy responsibility,2,0.0036
social identity,2,0.0036
moderation,2,0.0036
organizational attractiveness,2,0.0036
qualitative study,2,0.0036
germany,2,0.0036
employee loyalty,2,0.0036
employee turnover,2,0.0036
communication,2,0.0036
green behavior,2,0.0036
consumer-brand social distance,2,0.0036
consumer skepticism,2,0.0036
legal responsibility,2,0.0036
motivation,2,0.0036
employee perception,2,0.0036
university,2,0.0036
hospitality industry,2,0.0036
corporate citizenship,2,0.0036
indonesia,2,0.0036
internal stakeholders,2,0.0036
indian banks,2,0.0036
brand familiarity,2,0.0036
environmental attitudes,2,0.0036
social marketing,2,0.0036
financial sector,2,0.0036
business adoption,1,0.0018
jordan,1,0.0018
m21,1,0.0018
sector,1,0.0018
environmental citizenship behaviour,1,0.0018
mitigation,1,0.0018
sustainable intelligence,1,0.0018
intention and behavior,1,0.0018
sustainable fashion behaviors,1,0.0018
value-belief-norm model,1,0.0018
green self-efficacy,1,0.0018
proenvironmental behavior,1,0.0018
fashion,1,0.0018
community evolution,1,0.0018
consumer sentiment,1,0.0018
social media brand community,1,0.0018
corporate campaigns,1,0.0018
non-financial results reporting,1,0.0018
perception study,1,0.0018
equality,1,0.0018
respect for nature,1,0.0018
shared responsibility,1,0.0018
green attitude,1,0.0018
green consumption,1,0.0018
dining intention,1,0.0018
restaurants,1,0.0018
theory of perceived risk,1,0.0018
research impact,1,0.0018
science mapping,1,0.0018
electronic word of mouth communication,1,0.0018
maritime business,1,0.0018
maritime employees,1,0.0018
maritime organizations,1,0.0018
indian companies,1,0.0018
organizational identification (oi),1,0.0018
digital advertising,1,0.0018
harmonious csr,1,0.0018
sdg,1,0.0018
sustainable branding,1,0.0018
environmental governance,1,0.0018
firm value,1,0.0018
outcome quality,1,0.0018
vulnerable customer,1,0.0018
company social irresponsibility,1,0.0018
customer altruistic values,1,0.0018
customer boycott intention,1,0.0018
organizational impression management tactics,1,0.0018
green brand,1,0.0018
business performance,1,0.0018
bank industry,1,0.0018
csr expectations,1,0.0018
customer feedback,1,0.0018
contemporary clothes,1,0.0018
cultural preservation,1,0.0018
developing motif design,1,0.0018
ethnic wear,1,0.0018
sme products,1,0.0018
traditional design,1,0.0018
transformative design,1,0.0018
csr fit,1,0.0018
csr impact,1,0.0018
user-generated content,1,0.0018
tax evasion,1,0.0018
tunisian professionals,1,0.0018
csr communication types,1,0.0018
dairy industry,1,0.0018
non-repurchase intention,1,0.0018
opportunistic recall,1,0.0018
perceived dialogical csr communication,1,0.0018
product recall,1,0.0018
entrepreneur behavior,1,0.0018
lay rationalism,1,0.0018
sustainable foods,1,0.0018
brand lovemark,1,0.0018
coffeeshop,1,0.0018
gender differences,1,0.0018
ideological incongruity,1,0.0018
negative word-of-mouth,1,0.0018
symbolic incongruity,1,0.0018
mediating role,1,0.0018
sor theory,1,0.0018
cause-brand authenticity,1,0.0018
cause-brand congruence,1,0.0018
conscientious purpose-driven branding,1,0.0018
consumer-cause congruence,1,0.0018
self-brand congruity,1,0.0018
intention to co-create,1,0.0018
intention to recommend co-creation,1,0.0018
local food products,1,0.0018
rural areas,1,0.0018
sustainable development goals (sdgs),1,0.0018
g0,1,0.0018
g19,1,0.0018
g21,1,0.0018
g40,1,0.0018
m15,1,0.0018
social and governance,1,0.0018
employee–employer relationship,1,0.0018
and governance (esg),1,0.0018
crime incidence,1,0.0018
externalities,1,0.0018
covariates,1,0.0018
regional development,1,0.0018
spatial statistics,1,0.0018
stay length,1,0.0018
employee csr perception,1,0.0018
multinationals (mncs),1,0.0018
company performance,1,0.0018
familiarity,1,0.0018
external corporate social responsibility,1,0.0018
green customer behaviour,1,0.0018
sustainable management,1,0.0018
scientific mapping,1,0.0018
semi-systematic literature review,1,0.0018
health and safety,1,0.0018
pls sem,1,0.0018
sustainable marketing,1,0.0018
customer loyalty (cl),1,0.0018
stimulus–organism–response model,1,0.0018
united nations sustainable development goals,1,0.0018
perceived brand quality,1,0.0018
sports enthusiasts,1,0.0018
corporate performance,1,0.0018
prisma,1,0.0018
corporate environmental management,1,0.0018
customer sustainable behavior,1,0.0018
environment social governance (esg),1,0.0018
environmental performance,1,0.0018
hotel image,1,0.0018
business strategy,1,0.0018
cost leadership,1,0.0018
differentiation,1,0.0018
partnership authenticity,1,0.0018
sdg-congruity,1,0.0018
sponsorship,1,0.0018
consumer satisfaction,1,0.0018
happiness management,1,0.0018
wine industry,1,0.0018
csp (corporate social performance),1,0.0018
csr message authenticity,1,0.0018
information transparency,1,0.0018
behavioral intention,1,0.0018
brand-cause fit,1,0.0018
csr commitment,1,0.0018
warmth,1,0.0018
alliance relationship stability,1,0.0018
corporate social responsibility activities,1,0.0018
digital orientation,1,0.0018
participatory sports,1,0.0018
business excellence,1,0.0018
consumer cynicism,1,0.0018
consumers’ brand ethicality,1,0.0018
cosmetics,1,0.0018
material values,1,0.0018
breadth of self-disclosure,1,0.0018
celebrity credibility,1,0.0018
hotel booking intentions,1,0.0018
lifestyle congruence,1,0.0018
online celebrity brand equity,1,0.0018
serial multiple mediation model,1,0.0018
tiktok platform,1,0.0018
enterprise metaverse,1,0.0018
metaverse,1,0.0018
toe framework,1,0.0018
airline industry,1,0.0018
customer equity drivers,1,0.0018
traveler behavior,1,0.0018
banking sectors,1,0.0018
social responsibility practice,1,0.0018
stakeholder,1,0.0018
market environment,1,0.0018
retaining customers,1,0.0018
managers,1,0.0018
mncs,1,0.0018
romania,1,0.0018
fsqca,1,0.0018
online reputation,1,0.0018
website,1,0.0018
wine,1,0.0018
amo theory,1,0.0018
corporate environmental policy,1,0.0018
employee green behavior,1,0.0018
green hrm,1,0.0018
brand satisfaction,1,0.0018
customer's satisfaction,1,0.0018
csr in sports,1,0.0018
islamic countries,1,0.0018
islamic markets,1,0.0018
sports consumer,1,0.0018
interaction effect,1,0.0018
knowledge recombination,1,0.0018
technological base,1,0.0018
decision-making,1,0.0018
online information sources,1,0.0018
online shopping behavior,1,0.0018
recommender systems,1,0.0018
brand happiness,1,0.0018
choice of cause,1,0.0018
customer participation in csr,1,0.0018
customer-brand goal congruence,1,0.0018
relatedness-supportive csr initiatives,1,0.0018
dual and single-role users,1,0.0018
multidimensional trust,1,0.0018
online trust,1,0.0018
peer-to-peer accommodation sharing,1,0.0018
governance characteristics,1,0.0018
moderating variable,1,0.0018
bandwagon-bias effect,1,0.0018
financial performance instrumental csr-normative csr,1,0.0018
thomson reuters,1,0.0018
csr toward customers,1,0.0018
csr toward employees,1,0.0018
csr toward social/nonsocial stakeholders,1,0.0018
service brands,1,0.0018
cpec,1,0.0018
socio-economic,1,0.0018
structure equation modelling,1,0.0018
electronic word-of-mouth,1,0.0018
environmental protection consumption psychology,1,0.0018
ethical jewelry,1,0.0018
green pricing and the intention to purchase jewelry ethically,1,0.0018
jewelry-related corporate social responsibility,1,0.0018
customer value co-creation (cvcc),1,0.0018
customer-based brand equity (cbbe),1,0.0018
morocco,1,0.0018
organic cosmetics,1,0.0018
product knowledge,1,0.0018
corporate website,1,0.0018
brand ethical behavior,1,0.0018
corporate brand legitimacy,1,0.0018
fast-moving consumer goods,1,0.0018
perceived brand ethicality,1,0.0018
perceived brand integrity,1,0.0018
cross-country difference,1,0.0018
global product purchases,1,0.0018
online purchasability,1,0.0018
brand currency,1,0.0018
brand preference,1,0.0018
brand selfies,1,0.0018
lipstick effects,1,0.0018
luxury signature,1,0.0018
richcession,1,0.0018
employees' corporate social responsibility perception,1,0.0018
ceo award,1,0.0018
csr focus,1,0.0018
instrumental csr,1,0.0018
stakeholder agency theory,1,0.0018
choice experiment,1,0.0018
conditional logit,1,0.0018
fairtrade,1,0.0018
utz certification,1,0.0018
customer experience management,1,0.0018
digital transformations,1,0.0018
experience design,1,0.0018
experience economy,1,0.0018
paradoxes,1,0.0018
brand admiration,1,0.0018
consumer happiness,1,0.0018
hope,1,0.0018
idealism,1,0.0018
relativism,1,0.0018
green,1,0.0018
green competitor,1,0.0018
green customer orientation,1,0.0018
green inter-functional coordination,1,0.0018
green internal practices,1,0.0018
green market orientation,1,0.0018
orientation,1,0.0018
smmes,1,0.0018
corporate association,1,0.0018
consumer electronics,1,0.0018
consumer purchase intentions,1,0.0018
content quality,1,0.0018
dynamic pricing,1,0.0018
hedonic motivation,1,0.0018
online shopping behavior,1,0.0018
social media influence,1,0.0018
south india e-commerce,1,0.0018
authenticity,1,0.0018
legacy brands,1,0.0018
green buying intention,1,0.0018
green self-concept consistency,1,0.0018
new energy vehicle,1,0.0018
sdg12,1,0.0018
sdg7,1,0.0018
customer-to-manufacturer (c2m),1,0.0018
social presence,1,0.0018
distributive injustice,1,0.0018
negative emotions,1,0.0018
organizational revenge behavior,1,0.0018
business model innovation,1,0.0018
brand attitudes,1,0.0018
western brands,1,0.0018
young chinese consumers,1,0.0018
country-of-brand image,1,0.0018
country-of-manufacture image,1,0.0018
contextual factors and performance management,1,0.0018
performance appraisal,1,0.0018
performance management and corporate social responsibility,1,0.0018
performance management and ethics,1,0.0018
performance management and organizational justice,1,0.0018
brand co-creation,1,0.0018
consumer brand equity,1,0.0018
price perception,1,0.0018
product availability,1,0.0018
product packaging,1,0.0018
sustainable retailers,1,0.0018
e-brand experience,1,0.0018
e-brand love,1,0.0018
e-brand loyalty,1,0.0018
"categorization, perceived ambiguity",1,0.0018
signal theory,1,0.0018
sustainable category,1,0.0018
sustainable label,1,0.0018
managed isolation and quarantine (miq),1,0.0018
managed isolation and quarantine lodging,1,0.0018
negative word of mouth,1,0.0018
e-security,1,0.0018
e-shopping value,1,0.0018
e-tailing,1,0.0018
online deception,1,0.0018
consumer advocacy behavior,1,0.0018
customer emotions,1,0.0018
human behavior,1,0.0018
csr engineering management,1,0.0018
customer orientation (co),1,0.0018
strategic corporate social responsibility (csr),1,0.0018
empowerment,1,0.0018
job performance,1,0.0018
organizational resilience,1,0.0018
ahp,1,0.0018
food,1,0.0018
people and community,1,0.0018
buffering effect,1,0.0018
csr belief,1,0.0018
eco-friendly consumption,1,0.0018
health consciousness,1,0.0018
intellectual structure analysis,1,0.0018
latent dirichlet allocation,1,0.0018
public relations,1,0.0018
topic modeling,1,0.0018
identity signaling,1,0.0018
self-enhancement,1,0.0018
social bonding,1,0.0018
attitude towards brand,1,0.0018
attitude towards brand credibility,1,0.0018
endorser credibility,1,0.0018
"kaouther kooli, bournemouth university, united kingdom",1,0.0018
consumer responses,1,0.0018
cpcsr,1,0.0018
home appliance industry,1,0.0018
local csr strategies,1,0.0018
ai chatbot,1,0.0018
customer service chatbot,1,0.0018
e-crm,1,0.0018
innovation resist theory,1,0.0018
negative emotion,1,0.0018
resist use,1,0.0018
company trustworthiness,1,0.0018
consumer-company identification,1,0.0018
emerging and developed markets,1,0.0018
customer incivility,1,0.0018
employee emotional labor,1,0.0018
food market,1,0.0018
food marketing,1,0.0018
irrational consumer behavior,1,0.0018
rational consumer behavior,1,0.0018
environmental reputation,1,0.0018
green brand equity,1,0.0018
green brand trust,1,0.0018
hospitality services,1,0.0018
chinese innovative firms,1,0.0018
ofdis,1,0.0018
ownership,1,0.0018
political environment,1,0.0018
stakeholder sentiment,1,0.0018
labor productivity,1,0.0018
small- and medium enterprises,1,0.0018
standards,1,0.0018
wage,1,0.0018
responsible research and innovation (rri),1,0.0018
scale,1,0.0018
consumers’ attitudes,1,0.0018
customer satisfaction (cs),1,0.0018
emnes,1,0.0018
customer company identification,1,0.0018
food neophilia,1,0.0018
food neophobia,1,0.0018
intention,1,0.0018
organic food products,1,0.0018
perceived barriers,1,0.0018
cognitions,1,0.0018
sustainable consumption behaviour,1,0.0018
sustainable tourism and hospitality,1,0.0018
united nations’ sustainable development goals,1,0.0018
customer relationship management,1,0.0018
environmentally responsible brand,1,0.0018
green brand authenticity,1,0.0018
green brand stereotypes,1,0.0018
sor model,1,0.0018
wtp a price premium,1,0.0018
hedonic vs. utilitarian value,1,0.0018
personal norms,1,0.0018
sustainable apparel consumption,1,0.0018
executive characteristics,1,0.0018
financial stability,1,0.0018
customer trust and loyalty,1,0.0018
brand avoidance,1,0.0018
brand betrayal,1,0.0018
brand inauthenticity,1,0.0018
corporate wrongdoing,1,0.0018
reparation,1,0.0018
rumination,1,0.0018
wom and consumer’s re-purchase decision,1,0.0018
coercive pressure,1,0.0018
environmental sustainability performance (esp),1,0.0018
organizational internal factors,1,0.0018
partial least squares – structural equation modeling (pls-sem),1,0.0018
technology orientation,1,0.0018
brand activism,1,0.0018
eesc responsibility,1,0.0018
nudge theory,1,0.0018
sustainable behaviour,1,0.0018
sustainable products,1,0.0018
agribusiness strategy,1,0.0018
institutional pressures,1,0.0018
intrinsic and extrinsic motivation,1,0.0018
nonfinancial disclosure,1,0.0018
corporate social performance,1,0.0018
csp,1,0.0018
investment decisions,1,0.0018
perceived behavioural risk,1,0.0018
social consciousness,1,0.0018
spirituality,1,0.0018
green agricultural product,1,0.0018
live streaming,1,0.0018
technology acceptance model,1,0.0018
italian banks,1,0.0018
continuous usage intention,1,0.0018
e-loyalty,1,0.0018
online customer experience,1,0.0018
consumer citizenship behavior,1,0.0018
employee behavior,1,0.0018
retail store customers,1,0.0018
employee attitude,1,0.0018
"len tiu wright, de montfort university faculty of business and law, united kingdom",1,0.0018
retail image,1,0.0018
retail marketing,1,0.0018
retail mix,1,0.0018
theory of reasoned action,1,0.0018
women,1,0.0018
attitude ambivalence,1,0.0018
online shopping hate,1,0.0018
psychological reactance,1,0.0018
sns,1,0.0018
trustworthiness,1,0.0018
accountability,1,0.0018
emerging economies,1,0.0018
financial innovation,1,0.0018
financial services,1,0.0018
integrated reporting,1,0.0018
sustainability and corporate transparency,1,0.0018
customer participation,1,0.0018
consumer empowerment,1,0.0018
consumer networks,1,0.0018
digital economy,1,0.0018
sustainable purchasing,1,0.0018
green recruitment,1,0.0018
job pursuit intention,1,0.0018
organisational attractiveness,1,0.0018
organisational prestige,1,0.0018
eco-product innovation,1,0.0018
firm reputation,1,0.0018
natural-resource-based view and pls-sem,1,0.0018
',1,0.0018
customer-centric green supply chain,1,0.0018
fear-uncertainty,1,0.0018
word-of-mouth intentions,1,0.0018
green corporate image,1,0.0018
green marketing practices,1,0.0018
green self-identity,1,0.0018
new energy vehicle market,1,0.0018
packaging-free products,1,0.0018
supermarkets,1,0.0018
unpackaged products,1,0.0018
"business, management and accounting",1,0.0018
environment & the developing world,1,0.0018
gender & development,1,0.0018
technology companies,1,0.0018
telecommunication,1,0.0018
eco-sensitivity,1,0.0018
fashion and social factor,1,0.0018
green apparel,1,0.0018
organizational citizenship behaviors (ocb) toward the environment,1,0.0018
perceived corporate social responsibility (csr),1,0.0018
public organizations,1,0.0018
corporate innovation,1,0.0018
innovation efficiency,1,0.0018
ethical perspectives,1,0.0018
motivations,1,0.0018
recreational marijuana,1,0.0018
blockchain,1,0.0018
ewom young consumers,1,0.0018
f&b industry,1,0.0018
perceived corporate social,1,0.0018
consumer ethics,1,0.0018
apartment constructions,1,0.0018
guanxi,1,0.0018
project management,1,0.0018
cobras,1,0.0018
green consumption values,1,0.0018
branding,1,0.0018
customer purchase decision,1,0.0018
cruise market in taiwan,1,0.0018
electronic word-of-mouth (e-wom),1,0.0018
post-pandemic era,1,0.0018
relationship-building strategies,1,0.0018
actual behavior,1,0.0018
consumption value theory,1,0.0018
organic food availability,1,0.0018
corporate green policies,1,0.0018
green human resource management,1,0.0018
hospitality industry sustainability,1,0.0018
local stakeholders,1,0.0018
multinationals,1,0.0018
myanmar,1,0.0018
consumer loyalty,1,0.0018
green prohibitive behaviour,1,0.0018
green promotive behaviour,1,0.0018
hotel employees,1,0.0018
workplace spirituality,1,0.0018
fintech,1,0.0018
institutional quality,1,0.0018
quantile regression,1,0.0018
support vector regression,1,0.0018
green brand knowledge,1,0.0018
drawing knowledge maps,1,0.0018
neuromarketing,1,0.0018
vos viewer,1,0.0018
circular economy practices,1,0.0018
green logistics management,1,0.0018
small and medium enterprises,1,0.0018
supply chain traceability,1,0.0018
sustainability performance,1,0.0018
consumer xenocentrism,1,0.0018
eco-label,1,0.0018
trust in sustainable producers,1,0.0018
information processing theory,1,0.0018
asia,1,0.0018
behavioral model,1,0.0018
product lifecycle,1,0.0018
competitive mediation,1,0.0018
firm size,1,0.0018
corporate donation,1,0.0018
donation motive attribution,1,0.0018
individual moral orientation,1,0.0018
investor response,1,0.0018
judgments of future earnings prospects,1,0.0018
stakeholder salience,1,0.0018
corporate identity,1,0.0018
high potentials,1,0.0018
recruiting,1,0.0018
war for talent,1,0.0018
employee outcomes,1,0.0018
need satisfaction theory,1,0.0018
biblioshiny,1,0.0018
and co-creation,1,0.0018
local brand,1,0.0018
social media marketing,1,0.0018
mission accomplishment,1,0.0018
nonprofit management,1,0.0018
nonprofit reputation,1,0.0018
partnership duration,1,0.0018
relationship management,1,0.0018
green shared vision,1,0.0018
personal ties,1,0.0018
company loyalty,1,0.0018
csr dimensions,1,0.0018
environment dimension,1,0.0018
food companies,1,0.0018
multiplicative effect,1,0.0018
institutional-based view,1,0.0018
natural resource-based view,1,0.0018
attitude towards social media,1,0.0018
communication strategy,1,0.0018
social media communication,1,0.0018
stakeholder management,1,0.0018
customer inertia,1,0.0018
health insurance,1,0.0018
gm foods,1,0.0018
health concern,1,0.0018
affective image,1,0.0018
cognitive image,1,0.0018
destination brand image,1,0.0018
destination brand loyalty,1,0.0018
individual-level collectivist values,1,0.0018
perceived destination social responsibility,1,0.0018
tourist satisfaction,1,0.0018
tourist-destination identification,1,0.0018
social responsibility accounting,1,0.0018
perceived brand authenticity,1,0.0018
perceived brand loyalty,1,0.0018
perceived corporate social responsibility authenticity,1,0.0018
customer green psychology,1,0.0018
business-society,1,0.0018
community development,1,0.0018
economic growth,1,0.0018
economic performance,1,0.0018
natural resources,1,0.0018
urbanization,1,0.0018
non-financial performance,1,0.0018
employee organizational citizenship behavior,1,0.0018
ccb,1,0.0018
booking intention,1,0.0018
potential consumer,1,0.0018
quarantine hotel,1,0.0018
advocacy intentions,1,0.0018
behavioral psychology,1,0.0018
human emotions,1,0.0018
tourism and hospitality,1,0.0018
malaysia,1,0.0018
travel constraints,1,0.0018
travel intentions,1,0.0018
social media analytics,1,0.0018
social network sites,1,0.0018
brand personality,1,0.0018
consumer products,1,0.0018
apta,1,0.0018
asia-pacific tarde agreement,1,0.0018
global reporting initiative,1,0.0018
greenhouse gas emission,1,0.0018
human rights,1,0.0018
risk management,1,0.0018
sri lanka,1,0.0018
sustainability reporting standards,1,0.0018
wages,1,0.0018
customer demand,1,0.0018
mediating,1,0.0018
institutional distance,1,0.0018
moral legitimacy,1,0.0018
multinational companies,1,0.0018
consumption value,1,0.0018
indian manufacturing sector,1,0.0018
industrial brand equity,1,0.0018
advocacy behavior,1,0.0018
customer–company identification,1,0.0018
b2b markets,1,0.0018
csr orientation,1,0.0018
middle east and africa (mea),1,0.0018
attitude toward sustainable entrepreneurship,1,0.0018
entrepreneurial self-efficacy,1,0.0018
sustainability-driven entrepreneurial intention,1,0.0018
university entrepreneurial support,1,0.0018
third sector,1,0.0018
user retention,1,0.0018
dysfunctional competition,1,0.0018
firm sustainable growth,1,0.0018
institutional contexts,1,0.0018
consumer conformity,1,0.0018
green perceived value (gpv),1,0.0018
benevolence,1,0.0018
integrity,1,0.0018
mobile shopping applications,1,0.0018
trusting beliefs,1,0.0018
corporate reputation (cr),1,0.0018
financial performance (fp),1,0.0018
manufacturing firm (mf),1,0.0018
awareness of consequence,1,0.0018
green behavioral intention,1,0.0018
green corporate social responsibility,1,0.0018
personal norm,1,0.0018
subjective norm,1,0.0018
commercial banks in jordan,1,0.0018
digital service quality,1,0.0018
company–csr fit,1,0.0018
motivational attribution,1,0.0018
consumer protection,1,0.0018
unfair commercial practices,1,0.0018
artificial intelligence,1,0.0018
chatbots,1,0.0018
digital marketing,1,0.0018
online brand equity,1,0.0018
structural equation method,1,0.0018
cpe,1,0.0018
brand strength,1,0.0018
consumer boycotts,1,0.0018
cross-country analysis,1,0.0018
consumer esg perception,1,0.0018
environmental activities,1,0.0018
thailand,1,0.0018
organizational celebrity,1,0.0018
social approval assets,1,0.0018
brand attachment,1,0.0018
generic messages,1,0.0018
specific messages,1,0.0018
attitude towards online shopping,1,0.0018
customer online shopping,1,0.0018
e-customer engagement,1,0.0018
online shopping experience,1,0.0018
carbon emission,1,0.0018
green consumption behaviors (gcb),1,0.0018
green purchase intention (gpi),1,0.0018
sustainable environment,1,0.0018
corporate ability (ca),1,0.0018
consumer ambivalence,1,0.0018
mediating effect,1,0.0018
mnc,1,0.0018
customer advocacy,1,0.0018
microfinance banks,1,0.0018
airline’s image,1,0.0018
customer’s loyalty,1,0.0018
multinational organisations,1,0.0018
perceived prestige,1,0.0018
brand csr,1,0.0018
co-created csr,1,0.0018
csr classification,1,0.0018
marketing mix,1,0.0018
agribusiness,1,0.0018
indicators,1,0.0018
amo,1,0.0018
eco-friendly behavior,1,0.0018
anxiety,1,0.0018
food safety,1,0.0018
green purchase behavior,1,0.0018
southeast asia,1,0.0018
brand boycott,1,0.0018
political consumerism,1,0.0018
social network analysis,1,0.0018
peru,1,0.0018
donation intention,1,0.0018
perceived ethical climate,1,0.0018
regulatory focus theory,1,0.0018
sense of power,1,0.0018
customer affective commitment,1,0.0018
customer perceived quality,1,0.0018
customer positive word of mouth,1,0.0018
commitment-trust theory,1,0.0018
customer relationship management practices,1,0.0018
technology alignment,1,0.0018
csr disclosure and perception,1,0.0018
employees' innovative job performance,1,0.0018
family ownership,1,0.0018
multilevel research,1,0.0018
business and society,1,0.0018
co-occurrence,1,0.0018
conceptual structure,1,0.0018
evolution,1,0.0018
science mapping approach,1,0.0018
scimat,1,0.0018
integrative framework,1,0.0018
service industries,1,0.0018
corporate trust,1,0.0018
self-image congruence,1,0.0018
employee resistance to change,1,0.0018
pro-environmental psychological climate,1,0.0018
gastronomic tourism,1,0.0018
international tourism,1,0.0018
protected denominations of origin,1,0.0018
process macro,1,0.0018
serial mediation,1,0.0018
social networking sites,1,0.0018
anticipated organizational support,1,0.0018
hospitality recruitment,1,0.0018
organizational attraction,1,0.0018
p-o fit,1,0.0018
pride from membership,1,0.0018
socially controversial csr,1,0.0018
willingness to pay a higher price,1,0.0018
loyalty and behavior,1,0.0018
knowledge management exploitation,1,0.0018
knowledge management exploration,1,0.0018
process innovation capabilities,1,0.0018
product innovation capabilities,1,0.0018
renewable energy sector,1,0.0018
company-internal csr,1,0.0018
extrinsic csr attributions,1,0.0018
luxury companies,1,0.0018
customer engagement (ce),1,0.0018
customer pro-environmental behaviors (pebs),1,0.0018
employee wellbeing,1,0.0018
sdg goal 3,1,0.0018
self-reliance and preservation,1,0.0018
social sustainability,1,0.0018
workplace health promotion,1,0.0018
media,1,0.0018
news aggregator,1,0.0018
business,1,0.0018
community,1,0.0018
multi-dimensional csr,1,0.0018
smart pls,1,0.0018
behavioral intentions,1,0.0018
eco-friendly tableware,1,0.0018
antecedents,1,0.0018
consequences,1,0.0018
food chains,1,0.0018
customer loyalty intention,1,0.0018
social responsibility initiative,1,0.0018
transformative service research,1,0.0018
carroll’s pyramid,1,0.0018
triple bottom line approach,1,0.0018
attribution,1,0.0018
expectancy confirmation/disconfirmation,1,0.0018
pay,1,0.0018
referral,1,0.0018
attitude–behaviour gap,1,0.0018
company evaluation,1,0.0018
low trust society,1,0.0018
product association,1,0.0018
egypt,1,0.0018
iso 26000,1,0.0018
boomerang employment,1,0.0018
boomerang intention,1,0.0018
legacy identification,1,0.0018
organizational prestige,1,0.0018
psychological contract violation,1,0.0018
hygiene,1,0.0018
self-care measure,1,0.0018
social distancing,1,0.0018
service justice,1,0.0018
service satisfaction,1,0.0018
social influence,1,0.0018
environmental-csr,1,0.0018
small and medium enterprises (smes),1,0.0018
olympic games,1,0.0018
professional sports,1,0.0018
sport governing body,1,0.0018
enduring involvement,1,0.0018
fan engagement,1,0.0018
fan loyalty,1,0.0018
soccer,1,0.0018
team brand image,1,0.0018
consumers’ response,1,0.0018
identity disclosure,1,0.0018
task complexity,1,0.0018
text-based chatbot,1,0.0018
clothing sector,1,0.0018
perceived benefits,1,0.0018
corporate social responsibil-ity,1,0.0018
e-word of mouth,1,0.0018
positive customer emotions,1,0.0018
discounts and packages offers,1,0.0018
diffusion,1,0.0018
information,1,0.0018
market orientation,1,0.0018
partial least squares (pls),1,0.0018
customer social behaviour,1,0.0018
smart partial least square (pls),1,0.0018
social responsible employees,1,0.0018
social responsible suppliers,1,0.0018
sustainable supply chain management,1,0.0018
bank loyalty,1,0.0018
csr beliefs,1,0.0018
retail bank context,1,0.0018
deodorants,1,0.0018
means-end approach,1,0.0018
carroll's pyramid of csr,1,0.0018
organizational innovation,1,0.0018
emerging market multinationals,1,0.0018
employees’ innovative behavior,1,0.0018
cognitive dimension,1,0.0018
cognitive elements,1,0.0018
destination competitiveness,1,0.0018
destination image,1,0.0018
industry,1,0.0018
meta-regression,1,0.0018
methodology,1,0.0018
csr strategy,1,0.0018
consumer rights awareness,1,0.0018
controversial industry,1,0.0018
firm risk,1,0.0018
systematic risk,1,0.0018
religious tourism,1,0.0018
segmentation,1,0.0018
stay,1,0.0018
ethical fashion,1,0.0018
donation goals,1,0.0018
expanded circle of moral regard,1,0.0018
knowledge accessibility,1,0.0018
moral identity,1,0.0018
moral self-concept,1,0.0018
spatial distance,1,0.0018
cause-brand fit,1,0.0018
cause-related marketing,1,0.0018
environmental values,1,0.0018
product type,1,0.0018
telecommunications industry,1,0.0018
cross-cultural comparison,1,0.0018
customer-brand identification,1,0.0018
corporate abilities,1,0.0018
implicit association test,1,0.0018
green banking initiatives,1,0.0018
green consumer loyalty,1,0.0018
green purchase,1,0.0018
moral norms,1,0.0018
perceived behavior control,1,0.0018
theory of planned behaviour,1,0.0018
event study,1,0.0018
socially responsible investment index,1,0.0018
goal-framing theory,1,0.0018
green-person-organization fit,1,0.0018
csr demand and supply,1,0.0018
strategic csr management,1,0.0018
asean countries,1,0.0018
covid-19 fear,1,0.0018
equity markets,1,0.0018
investment management,1,0.0018
volatility analysis,1,0.0018
legal csr activities,1,0.0018
consumer purchasing intention,1,0.0018
smes’ performance,1,0.0018
southern vietnam,1,0.0018
co-citation,1,0.0018
intellectual structure,1,0.0018
tourism network,1,0.0018
consumer commitment,1,0.0018
job embeddedness,1,0.0018
place attachment,1,0.0018
small tourism entrepreneurs,1,0.0018
natural language processing,1,0.0018
sentiment analysis,1,0.0018
emotional labor,1,0.0018
employees’ welfare,1,0.0018
perceived organizational support,1,0.0018
creative business,1,0.0018
design thinking,1,0.0018
innovators,1,0.0018
customer firm identification,1,0.0018
electronic-service quality,1,0.0018
cross-buying,1,0.0018
retail bank industry,1,0.0018
comprehensive activation determination model,1,0.0018
corporate greening,1,0.0018
habit,1,0.0018
smartpls,1,0.0018
social capital,1,0.0018
social commerce usage,1,0.0018
techno-stress,1,0.0018
hospitality and tourism industry,1,0.0018
firms’ strategic legitimacy,1,0.0018
product rating,1,0.0018
telecoms firms,1,0.0018
organization-level organizational citizenship behavior,1,0.0018
relative competitive performance,1,0.0018
work–life balance practices,1,0.0018
advertising,1,0.0018
cognitive flexibility,1,0.0018
mixed emotions,1,0.0018
pro-environmental,1,0.0018
patronage intentions,1,0.0018
repeat purchase,1,0.0018
online retailer,1,0.0018
consideration of future consequences,1,0.0018
intertemporal trade-offs,1,0.0018
prosocial behavior,1,0.0018
c-c identification,1,0.0018
television networks,1,0.0018
functional transparency,1,0.0018
gamified charity,1,0.0018
telepresence,1,0.0018
warm glow,1,0.0018
hospitality sector,1,0.0018
hotel brand positioning,1,0.0018
intention to revisit,1,0.0018
structural equations modeling,1,0.0018
figurative meaning,1,0.0018
language manipulation,1,0.0018
linguistic error,1,0.0018
online hotel review,1,0.0018
review rating,1,0.0018
ecological architecture,1,0.0018
extension,1,0.0018
landscape,1,0.0018
public space,1,0.0018
recycling,1,0.0018
rehabilitation,1,0.0018
moral beliefs,1,0.0018
psychological ownership,1,0.0018
shoplifting prevention,1,0.0018
soft surveillance measures,1,0.0018
partial least squares,1,0.0018
social enterprise,1,0.0018
structural equation model,1,0.0018
affective loyalty,1,0.0018
cognitive loyalty,1,0.0018
conative loyalty,1,0.0018
social csr,1,0.0018
stakeholder approach,1,0.0018
csr skepticism,1,0.0018
engagement,1,0.0018
self-construal,1,0.0018
environmental marketing,1,0.0018
socially responsible marketing,1,0.0018
information systems,1,0.0018
isomorphic forces,1,0.0018
market isomorphism,1,0.0018
omnichannel,1,0.0018
technology adoption,1,0.0018
ethical and legal responsibility,1,0.0018
impression formation,1,0.0018
morality,1,0.0018
business population,1,0.0018
corporate capital,1,0.0018
corporate cycle,1,0.0018
economies csr,1,0.0018
population health,1,0.0018
certification mechanism,1,0.0018
organic food,1,0.0018
s–o–r model,1,0.0018
firm innovativeness,1,0.0018
social worth,1,0.0018
customer behavioural loyalty,1,0.0018
bank marketing,1,0.0018
corporate social marketing,1,0.0018
in-school banking programmes,1,0.0018
marketing to children,1,0.0018
moral panic,1,0.0018
vulnerable consumers,1,0.0018
second-order model,1,0.0018
organizational citizenship behavior (ocb),1,0.0018
social identity theory (sit),1,0.0018
work engagement,1,0.0018
institutional perspective,1,0.0018
customers' csr perceptions,1,0.0018
multilevel analysis,1,0.0018
organizational climate,1,0.0018
socially responsible human resource management,1,0.0018
hotel brand loyalty,1,0.0018
bank profit,1,0.0018
corporate social identity (csi),1,0.0018
prioritisation,1,0.0018
quartile,1,0.0018
brand advocacy,1,0.0018
brand performance,1,0.0018
sales management,1,0.0018
employer choice,1,0.0018
policy capturing,1,0.0018
clothing and leather (cl) sector,1,0.0018
fashion system,1,0.0018
structural equation modelling (sem),1,0.0018
sustainable practices,1,0.0018
eco-friendly behaviour,1,0.0018
environmentally-concerned behaviour,1,0.0018
environmentally-responsible behaviour,1,0.0018
happiness,1,0.0018
life satisfaction,1,0.0018
pro-environmental behaviour,1,0.0018
csr branch manager,1,0.0018
csr customer,1,0.0018
csr marketing outcomes,1,0.0018
retail banking industry,1,0.0018
descriptive variables,1,0.0018
green competitive advantage,1,0.0018
logistic regression,1,0.0018
smme,1,0.0018
south africa,1,0.0018
western cape,1,0.0018
bicycle industries,1,0.0018
customer behavioural intentions,1,0.0018
prediction-oriented modeling,1,0.0018
demographical variables,1,0.0018
segmentation study,1,0.0018
congruence,1,0.0018
social impact specificity,1,0.0018
consumer patriotism,1,0.0018
corporate integrity,1,0.0018
domestic brand,1,0.0018
employer brand,1,0.0018
patriotic brand,1,0.0018
business case,1,0.0018
sris,1,0.0018
fast food restaurants,1,0.0018
work stress,1,0.0018
customer-based brand equity,1,0.0018
m30,1,0.0018
z33,1,0.0018
gen y,1,0.0018
long-term relationship orientation,1,0.0018
women empowerment,1,0.0018
customer attachment,1,0.0018
customer co-creation behavior,1,0.0018
customer csr perception,1,0.0018
customer spirituality,1,0.0018
customer behavior,1,0.0018
employee emotional exhaustion,1,0.0018
inconsistent csr strategies,1,0.0018
social and moral identification theory,1,0.0018
csr awareness,1,0.0018
value,1,0.0018
behavioural loyalty,1,0.0018
islamic banks,1,0.0018
catering,1,0.0018
discourse,1,0.0018
exposition,1,0.0018
hedonic service,1,0.0018
narrative,1,0.0018
storytelling,1,0.0018
utilitarian service,1,0.0018
cruise,1,0.0018
evaluation,1,0.0018
consumers' prosocial behavior,1,0.0018
csr activity,1,0.0018
customer support,1,0.0018
expectation,1,0.0018
consumer csr perception,1,0.0018
human values. schwartz human values theory,1,0.0018
employee donation,1,0.0018
need for status,1,0.0018
temporal distance,1,0.0018
company–consumer relationship consumer,1,0.0018
organizational responsibility,1,0.0018
relationship intention,1,0.0018
bank performance,1,0.0018
spiritual leadership,1,0.0018
continuance commitment,1,0.0018
dysfunctional customer behavior,1,0.0018
emotional exhaustion,1,0.0018
consumers associations,1,0.0018
global brands,1,0.0018
multinational corporations,1,0.0018
social responsible human resource practices,1,0.0018
country of domicile pressures,1,0.0018
legal institutions,1,0.0018
customer value co-creation behavior,1,0.0018
relationship marketing orientation,1,0.0018
servant leadership,1,0.0018
brand value,1,0.0018
moderating effect,1,0.0018
sincerity of csr,1,0.0018
citizen survey,1,0.0018
corporate citizenship (cc),1,0.0018
sustainability communication,1,0.0018
closed-loop supply chain,1,0.0018
confirmatory factorial analysis,1,0.0018
consumption,1,0.0018
economic crisis,1,0.0018
logit model,1,0.0018
customer behavioural intention,1,0.0018
service innovation,1,0.0018
bop,1,0.0018
bottom of the pyramid,1,0.0018
ethical responsibility,1,0.0018
philanthropic responsibility,1,0.0018
consumer intentions,1,0.0018
irresponsible behaviour,1,0.0018
perceived social responsibility,1,0.0018
social entrepreneurship,1,0.0018
willingness to buy,1,0.0018
contrasting economies,1,0.0018
"corporate social responsibility, social support",1,0.0018
employees’ perception,1,0.0018
qatar,1,0.0018
social responsibility (sr),1,0.0018
cognitive bias,1,0.0018
company–ngo collaboration,1,0.0018
moral cleansing,1,0.0018
moral licensing,1,0.0018
organizational citizenship behavior,1,0.0018
task performance,1,0.0018
co-word analysis,1,0.0018
ethical banking,1,0.0018
sustainable banking,1,0.0018
csr credibility,1,0.0018
csr participation intention,1,0.0018
customer-company identification (c–c identification),1,0.0018
customers' csr perception,1,0.0018
measurement,1,0.0018
psychometric validity,1,0.0018
stakeholder perception,1,0.0018
survey instruments,1,0.0018
confirmatory factor analysis,1,0.0018
structural equation models,1,0.0018
employees’ attitudes and behaviors,1,0.0018
focus groups,1,0.0018
millennial consumer,1,0.0018
millennial job seeker,1,0.0018
ridesharing,1,0.0018
case study,1,0.0018
hotel management,1,0.0018
malaysian independent hotels,1,0.0018
qualitative,1,0.0018
ecological consciousness,1,0.0018
employees individual beliefs,1,0.0018
philosophy of ecology,1,0.0018
customers' citizenship behavior for the environment (customer cbe),1,0.0018
employees' organizational citizenship behavior for the environment (employee ocbe),1,0.0018
environmentally specific servant leadership,1,0.0018
affective brand image,1,0.0018
leadership,1,0.0018
hr,1,0.0018
consumer brand relationship,1,0.0018
consumer moral foundation,1,0.0018
corporate social responsibility domain,1,0.0018
csr strategies,1,0.0018
subjective well-being,1,0.0018
ethiopia,1,0.0018
consumer purchasing behaviour,1,0.0018
customer social responsibility,1,0.0018
customer engagement in csr,1,0.0018
customer engagement in not for profit organisations,1,0.0018
customer relationship benefits,1,0.0018
socially responsible behavior,1,0.0018
societal behavior,1,0.0018
coercive,1,0.0018
ghana c,1,0.0018
mimetic,1,0.0018
normative,1,0.0018
selection,1,0.0018
university social responsibility (usr),1,0.0018
websites,1,0.0018
cross-country,1,0.0018
corporate entrepreneurship,1,0.0018
environmental consciousness,1,0.0018
green behaviour,1,0.0018
pro-environmental behaviours,1,0.0018
affective and cognitive satisfaction,1,0.0018
insurance,1,0.0018
advertisements and promotions to muslims,1,0.0018
islamic business ethics,1,0.0018
islamic marketing,1,0.0018
the muslim consumer,1,0.0018
socialization tactic,1,0.0018
time orientation,1,0.0018
humanitarian work psychology,1,0.0018
organizational justice,1,0.0018
person-centric work psychology,1,0.0018
consumer sentiment index,1,0.0018
salience,1,0.0018
stock market,1,0.0018
advertising regulation,1,0.0018
green advertisement,1,0.0018
hotel brands,1,0.0018
employee–company identification,1,0.0018
greece,1,0.0018
social exchange,1,0.0018
service recovery,1,0.0018
behavior,1,0.0018
word-of-mouth,1,0.0018
communication strategies,1,0.0018
e-reputation,1,0.0018
mediators,1,0.0018
moderators,1,0.0018
strategic corporate sustainability,1,0.0018
job satisfactionl,1,0.0018
africa,1,0.0018
brazil,1,0.0018
cape verde,1,0.0018
latin america,1,0.0018
multi-sectorial investigation,1,0.0018
perceptual corporate sustainability,1,0.0018
attributions,1,0.0018
collectivism,1,0.0018
csr consumer perceptions,1,0.0018
masculinity,1,0.0018
mediation effect,1,0.0018
social and non-social stakeholders,1,0.0018
consumer perception,1,0.0018
interview method,1,0.0018
advertising and publicity,1,0.0018
csr communication strategy,1,0.0018
environmental domain,1,0.0018
employee environmental behaviour,1,0.0018
intervention,1,0.0018
perceptions of organisational support,1,0.0018
perceived fit,1,0.0018
professional football,1,0.0018
sport marketing,1,0.0018
supply chain,1,0.0018
attributed motives,1,0.0018
job applicant,1,0.0018
perceived overall justice,1,0.0018
common method variance,1,0.0018
generalizability theory,1,0.0018
services brands,1,0.0018
corporate strategy,1,0.0018
corporate sustainable development,1,0.0018
ethical corporate identity,1,0.0018
organisational marketing,1,0.0018
conjoint analysis,1,0.0018
consumer preferences,1,0.0018
csr perceptions,1,0.0018
demography,1,0.0018
psychology,1,0.0018
customer relationships,1,0.0018
longitudinal,1,0.0018
sports,1,0.0018
cross-cultural study,1,0.0018
pharmaceutical advertising,1,0.0018
product evaluations,1,0.0018
socially responsible advertising,1,0.0018
cluster analysis,1,0.0018
customer,1,0.0018
business universities,1,0.0018
cross-cultural analysis,1,0.0018
partial least squared (pls,1,0.0018
potential top managers,1,0.0018
schwartz's human values,1,0.0018
institutional environments,1,0.0018
transition economies,1,0.0018
brand–cause fit,1,0.0018
consumer attitudes,1,0.0018
construal level theory,1,0.0018
psychological distance,1,0.0018
external pressure,1,0.0018
moral responsibility,1,0.0018
profit maximization,1,0.0018
corporate communication,1,0.0018
employee identity,1,0.0018
new zealand,1,0.0018
organizational culture,1,0.0018
employee attitudes,1,0.0018
poland,1,0.0018
consumers’ pro-social behavior,1,0.0018
motivations for csr,1,0.0018
comprehensive analysis,1,0.0018
environmental commitment,1,0.0018
megaproject,1,0.0018
organizational citizenship behaviors for the environment,1,0.0018
independent hotels,1,0.0018
customer behaviour,1,0.0018
ethics in marketing,1,0.0018
price fairness,1,0.0018
board diversity,1,0.0018
female talent,1,0.0018
gender diversity,1,0.0018
women directors,1,0.0018
consumer retention,1,0.0018
negative information,1,0.0018
affective attachment,1,0.0018
financial service representative,1,0.0018
triple bottom line,1,0.0018
consumption values,1,0.0018
customer value,1,0.0018
retail store image,1,0.0018
retailing,1,0.0018
bioeconomy,1,0.0018
forest industry,1,0.0018
national differences,1,0.0018
students,1,0.0018
consumer power,1,0.0018
corporate,1,0.0018
consumer reactions,1,0.0018
foods industry,1,0.0018
social performance,1,0.0018
attraction-selection-attrition theory,1,0.0018
cross-sector partnerships,1,0.0018
micro level interactions,1,0.0018
social contagion,1,0.0018
social learning theory,1,0.0018
trickle down,1,0.0018
trickle effects,1,0.0018
trickle round,1,0.0018
trickle up,1,0.0018
discretionary responsibilities toward community,1,0.0018
discretionary responsibilities toward employees,1,0.0018
discretionary responsibilities toward natural environment,1,0.0018
economic responsibilities toward customers,1,0.0018
economic responsibilities toward owners,1,0.0018
consumers' perception,1,0.0018
product evaluation,1,0.0018
customer perceptions,1,0.0018
green preferences,1,0.0018
green process,1,0.0018
green product,1,0.0018
labelling,1,0.0018
multinomial logistic regression,1,0.0018
social value,1,0.0018
counterfeit smartphones,1,0.0018
emerging consumer orientation in china,1,0.0018
ethical perceptions,1,0.0018
perceived social consequences,1,0.0018
competition,1,0.0018
consumer awareness,1,0.0018
online consumer skills,1,0.0018
sustainable purchasing decision,1,0.0018
customers' expectation,1,0.0018
managers' csr perception,1,0.0018
non-branch bank,1,0.0018
ecsi,1,0.0018
hotel sector,1,0.0018
behavioral finance,1,0.0018
fundamental anomalies,1,0.0018
heuristics,1,0.0018
investment performance,1,0.0018
technical anomalies,1,0.0018
lithuania,1,0.0018
socially responsible small and medium-sized enterprise,1,0.0018
corporate social responsibility initiative,1,0.0018
perceived community value,1,0.0018
switching cost,1,0.0018
purchase intents,1,0.0018
employer attractiveness,1,0.0018
individual attitudes,1,0.0018
employee environmental behavior,1,0.0018
environmental perceptions,1,0.0018
organizational citizenship behaviors,1,0.0018
organizational incentives,1,0.0018
organizational support,1,0.0018
affective organizational commitment,1,0.0018
normative organizational commitment,1,0.0018
questionnaire,1,0.0018
students’ perceptions,1,0.0018
affection,1,0.0018
cognition,1,0.0018
conation,1,0.0018
emotion,1,0.0018
future purchase intentions,1,0.0018
csr participation,1,0.0018
person-csr fit,1,0.0018
corporate social responsibility attributions,1,0.0018
manufacturing sector,1,0.0018
practices,1,0.0018
cross-cultural,1,0.0018
united states,1,0.0018
overall justice,1,0.0018
