antecedent support,consequent support,support,confidence,lift,representativity,leverage,conviction,zhangs_metric,jaccard,certainty,kulczynski,antecedents_str,consequents_str
0.014414414414414415,0.007207207207207207,0.005405405405405406,0.375,52.03125,1.0,0.005301517733950167,1.5884684684684685,0.9951249238269348,0.3333333333333333,0.37046279491833034,0.5625,brand awareness,brand equity + brand loyalty
0.007207207207207207,0.014414414414414415,0.005405405405405406,0.75,52.03125,1.0,0.005301517733950167,3.9423423423423425,0.9879007864488809,0.3333333333333333,0.7463436928702011,0.5625,brand equity + brand loyalty,brand awareness
0.005405405405405406,0.023423423423423424,0.005405405405405406,1.0,42.69230769230769,1.0,0.005278792305819333,inf,0.9818840579710144,0.23076923076923078,1.0,0.6153846153846154,twitter,social media
0.009009009009009009,0.025225225225225224,0.007207207207207207,0.8,31.71428571428572,1.0,0.006979952925898872,4.873873873873875,0.9772727272727273,0.26666666666666666,0.7948243992606285,0.5428571428571429,customer loyalty + customer trust,corporate social responsibility + customer satisfaction
0.009009009009009009,0.01981981981981982,0.005405405405405406,0.6000000000000001,30.27272727272728,1.0,0.005226848470091714,2.4504504504504507,0.9757575757575757,0.2307692307692308,0.5919117647058825,0.4363636363636364,organizational trust,organizational identification
0.007207207207207207,0.025225225225225224,0.005405405405405406,0.75,29.732142857142858,1.0,0.005223601980358737,3.8990990990990992,0.9733817301875379,0.2,0.7435304990757856,0.48214285714285715,brand awareness + brand loyalty,brand equity
0.016216216216216217,0.016216216216216217,0.007207207207207207,0.4444444444444444,27.407407407407405,1.0,0.006944241538836133,1.7708108108108107,0.9793956043956044,0.2857142857142857,0.4352869352869353,0.4444444444444444,corporate social responsibility + customer trust,customer loyalty + customer satisfaction
0.016216216216216217,0.016216216216216217,0.007207207207207207,0.4444444444444444,27.407407407407405,1.0,0.006944241538836133,1.7708108108108107,0.9793956043956044,0.2857142857142857,0.4352869352869353,0.4444444444444444,customer loyalty + customer satisfaction,corporate social responsibility + customer trust
0.012612612612612612,0.021621621621621623,0.007207207207207207,0.5714285714285715,26.42857142857143,1.0,0.006934502069637205,2.282882882882883,0.9744525547445255,0.26666666666666666,0.5619573796369377,0.45238095238095244,corporate social responsibility + customer loyalty + customer satisfaction,customer trust
0.012612612612612612,0.016216216216216217,0.005405405405405406,0.4285714285714286,26.42857142857143,1.0,0.005200876552227904,1.7216216216216216,0.9744525547445256,0.23076923076923078,0.4191522762951335,0.38095238095238093,corporate image + customer loyalty,service quality
0.021621621621621623,0.012612612612612612,0.007207207207207207,0.3333333333333333,26.428571428571427,1.0,0.006934502069637205,1.481081081081081,0.9834254143646409,0.26666666666666666,0.3248175182481752,0.45238095238095244,customer trust,corporate social responsibility + customer loyalty + customer satisfaction
0.016216216216216217,0.012612612612612612,0.005405405405405406,0.3333333333333333,26.428571428571427,1.0,0.005200876552227904,1.481081081081081,0.9780219780219781,0.23076923076923078,0.3248175182481752,0.38095238095238093,service quality,corporate image + customer loyalty
0.007207207207207207,0.02882882882882883,0.005405405405405406,0.75,26.015625,1.0,0.005197630062494928,3.8846846846846845,0.9685420447670902,0.17647058823529413,0.7425788497217068,0.46875,brand awareness + brand equity,brand loyalty
0.009009009009009009,0.032432432432432434,0.007207207207207207,0.8,24.666666666666668,1.0,0.006915023131239348,4.837837837837839,0.9681818181818183,0.2105263157894737,0.7932960893854749,0.5111111111111111,customer satisfaction + customer trust,corporate social responsibility + customer loyalty
0.007207207207207207,0.03063063063063063,0.005405405405405406,0.75,24.485294117647058,1.0,0.005184644103563023,3.8774774774774774,0.9661222020568665,0.16666666666666666,0.7421003717472119,0.4632352941176471,customer loyalty + service quality,corporate image
0.016216216216216217,0.014414414414414415,0.005405405405405406,0.3333333333333333,23.125,1.0,0.005171658144631118,1.4783783783783784,0.9725274725274725,0.2142857142857143,0.3235831809872029,0.35416666666666663,corporate social responsibility + loyalty,satisfaction
0.014414414414414415,0.016216216216216217,0.005405405405405406,0.375,23.125,1.0,0.005171658144631118,1.574054054054054,0.9707495429616088,0.2142857142857143,0.36469780219780223,0.35416666666666663,satisfaction,corporate social responsibility + loyalty
0.009009009009009009,0.02702702702702703,0.005405405405405406,0.6000000000000001,22.200000000000003,1.0,0.005161918675432189,2.432432432432433,0.9636363636363635,0.17647058823529413,0.588888888888889,0.4,corporate social responsibility + satisfaction,loyalty
0.016216216216216217,0.021621621621621623,0.007207207207207207,0.4444444444444444,20.555555555555554,1.0,0.006856586316045776,1.761081081081081,0.9670329670329672,0.2352941176470588,0.43216697360343764,0.38888888888888884,customer loyalty + customer satisfaction,customer trust
0.021621621621621623,0.016216216216216217,0.007207207207207207,0.3333333333333333,20.555555555555554,1.0,0.006856586316045776,1.4756756756756755,0.9723756906077349,0.2352941176470588,0.32234432234432236,0.38888888888888884,customer trust,customer loyalty + customer satisfaction
0.014414414414414415,0.025225225225225224,0.007207207207207207,0.5,19.821428571428573,1.0,0.006843600357113871,1.9495495495495496,0.9634369287020109,0.22222222222222227,0.4870609981515711,0.3928571428571429,brand awareness,brand equity
0.014414414414414415,0.02882882882882883,0.007207207207207207,0.5,17.34375,1.0,0.006791656521386251,1.9423423423423423,0.9561243144424132,0.2,0.48515769944341375,0.375,brand awareness,brand loyalty
0.010810810810810811,0.02882882882882883,0.005405405405405406,0.5,17.34375,1.0,0.0050937423910396885,1.9423423423423423,0.9526411657559198,0.15789473684210528,0.48515769944341375,0.34375,stakeholder engagement,sustainable development
0.010810810810810811,0.02882882882882883,0.005405405405405406,0.5,17.34375,1.0,0.0050937423910396885,1.9423423423423423,0.9526411657559198,0.15789473684210528,0.48515769944341375,0.34375,sustainable consumption,sustainable development
0.009009009009009009,0.04684684684684685,0.007207207207207207,0.8,17.076923076923077,1.0,0.006785163541920299,4.765765765765767,0.9500000000000001,0.14814814814814817,0.7901701323251419,0.47692307692307695,corporate social responsibility + customer loyalty + customer trust,customer satisfaction
0.009009009009009009,0.04684684684684685,0.007207207207207207,0.8,17.076923076923077,1.0,0.006785163541920299,4.765765765765767,0.9500000000000001,0.14814814814814817,0.7901701323251419,0.47692307692307695,customer loyalty + customer trust,customer satisfaction
0.005405405405405406,0.05945945945945946,0.005405405405405406,1.0,16.818181818181817,1.0,0.00508400292184076,inf,0.9456521739130433,0.09090909090909091,1.0,0.5454545454545454,corporate image + service quality,customer loyalty
0.025225225225225224,0.021621621621621623,0.009009009009009009,0.35714285714285715,16.517857142857142,1.0,0.008463598733869005,1.521921921921922,0.9637707948243994,0.23809523809523808,0.3429360694554065,0.38690476190476186,corporate social responsibility + customer satisfaction,customer trust
0.021621621621621623,0.025225225225225224,0.009009009009009009,0.41666666666666663,16.517857142857142,1.0,0.008463598733869005,1.671042471042471,0.9602209944751382,0.23809523809523808,0.4015711645101663,0.38690476190476186,customer trust,corporate social responsibility + customer satisfaction
0.016216216216216217,0.021621621621621623,0.005405405405405406,0.3333333333333333,15.416666666666664,1.0,0.005054784514243974,1.4675675675675675,0.9505494505494506,0.16666666666666666,0.3186003683241252,0.29166666666666663,corporate reputation + corporate social responsibility,customer trust
0.016216216216216217,0.023423423423423424,0.005405405405405406,0.3333333333333333,14.23076923076923,1.0,0.005025566106647188,1.4648648648648648,0.945054945054945,0.15789473684210528,0.3173431734317343,0.28205128205128205,corporate social responsibility + customer trust,corporate reputation
0.014414414414414415,0.02702702702702703,0.005405405405405406,0.375,13.875,1.0,0.005015826637448259,1.5567567567567568,0.9414990859232175,0.15000000000000002,0.3576388888888889,0.2875,satisfaction,loyalty
0.009009009009009009,0.05945945945945946,0.007207207207207207,0.8,13.454545454545455,1.0,0.006671536401266131,4.7027027027027035,0.9340909090909092,0.1176470588235294,0.7873563218390804,0.46060606060606063,corporate social responsibility + customer satisfaction + customer trust,customer loyalty
0.009009009009009009,0.05945945945945946,0.007207207207207207,0.8,13.454545454545455,1.0,0.006671536401266131,4.7027027027027035,0.9340909090909092,0.1176470588235294,0.7873563218390804,0.46060606060606063,customer satisfaction + customer trust,customer loyalty
0.021621621621621623,0.032432432432432434,0.009009009009009009,0.41666666666666663,12.84722222222222,1.0,0.008307767226686146,1.6586872586872585,0.9425414364640885,0.19999999999999998,0.3971135940409683,0.3472222222222222,customer trust,corporate social responsibility + customer loyalty
0.023423423423423424,0.032432432432432434,0.009009009009009009,0.38461538461538464,11.85897435897436,1.0,0.008249330411492574,1.5722972972972973,0.9376383763837639,0.19230769230769232,0.36398796733992267,0.3311965811965812,corporate reputation,corporate social responsibility + customer loyalty
0.016216216216216217,0.04684684684684685,0.009009009009009009,0.5555555555555555,11.858974358974358,1.0,0.008249330411492574,2.144594594594594,0.9307692307692309,0.16666666666666669,0.5337114051669817,0.3739316239316239,corporate social responsibility + customer trust,customer satisfaction
0.014414414414414415,0.032432432432432434,0.005405405405405406,0.375,11.5625,1.0,0.00493791088385683,1.548108108108108,0.926873857404022,0.13043478260869565,0.3540502793296089,0.2708333333333333,pakistan,corporate social responsibility + customer loyalty
0.016216216216216217,0.03063063063063063,0.005405405405405406,0.3333333333333333,10.882352941176471,1.0,0.0049086924762600445,1.4540540540540539,0.9230769230769231,0.13043478260869565,0.312267657992565,0.2549019607843137,service quality,corporate image
0.014414414414414415,0.04684684684684685,0.007207207207207207,0.5,10.673076923076923,1.0,0.0065319373427481535,1.9063063063063064,0.9195612431444241,0.13333333333333333,0.47542533081285443,0.3269230769230769,brand awareness,brand image
0.010810810810810811,0.04684684684684685,0.005405405405405406,0.5,10.673076923076923,1.0,0.004898953007061116,1.9063063063063064,0.9162112932604736,0.10344827586206896,0.47542533081285443,0.3076923076923077,corporate social responsibility + reputation,customer satisfaction
0.009009009009009009,0.05765765765765766,0.005405405405405406,0.6000000000000001,10.406250000000002,1.0,0.00488596704812921,2.3558558558558564,0.912121212121212,0.08823529411764706,0.575525812619503,0.34687500000000004,co-creation,sustainability
0.016216216216216217,0.05945945945945946,0.009009009009009009,0.5555555555555555,9.34343434343434,1.0,0.008044801558315072,2.1162162162162157,0.9076923076923078,0.13513513513513514,0.5274584929757343,0.3535353535353535,corporate reputation + corporate social responsibility,customer loyalty
0.016216216216216217,0.05945945945945946,0.009009009009009009,0.5555555555555555,9.34343434343434,1.0,0.008044801558315072,2.1162162162162157,0.9076923076923078,0.13513513513513514,0.5274584929757343,0.3535353535353535,corporate social responsibility + customer trust,customer loyalty
0.02882882882882883,0.04684684684684685,0.012612612612612612,0.4375,9.338942307692308,1.0,0.011262072883694504,1.6944944944944946,0.9194275112642459,0.19999999999999996,0.40985349716446123,0.3533653846153846,brand loyalty,brand image
0.021621621621621623,0.04684684684684685,0.009009009009009009,0.41666666666666663,8.894230769230768,1.0,0.007996104212320429,1.633976833976834,0.9071823204419891,0.15151515151515152,0.38799621928166345,0.30448717948717946,customer trust,customer satisfaction
0.025225225225225224,0.05945945945945946,0.012612612612612612,0.5,8.409090909090908,1.0,0.011112734355977599,1.881081081081081,0.9038817005545285,0.175,0.46839080459770116,0.3560606060606061,corporate social responsibility + customer satisfaction,customer loyalty
0.010810810810810811,0.05945945945945946,0.005405405405405406,0.5,8.409090909090908,1.0,0.004762600438276114,1.881081081081081,0.8907103825136611,0.08333333333333333,0.46839080459770116,0.29545454545454547,corporate social responsibility + pakistan,customer loyalty
0.032432432432432434,0.04684684684684685,0.012612612612612612,0.38888888888888884,8.30128205128205,1.0,0.011093255417579741,1.5597051597051597,0.9090183559457302,0.18918918918918917,0.35885318210459977,0.329059829059829,corporate social responsibility + customer loyalty,customer satisfaction
0.014414414414414415,0.04684684684684685,0.005405405405405406,0.375,8.004807692307692,1.0,0.004730135540946352,1.525045045045045,0.8878732480195003,0.09677419354838711,0.34428166351606804,0.2451923076923077,brand trust,brand image
0.016216216216216217,0.05945945945945946,0.007207207207207207,0.4444444444444444,7.474747474747474,1.0,0.00624299975651327,1.6929729729729728,0.8804945054945056,0.10526315789473684,0.40932311621966794,0.2828282828282828,service quality,customer loyalty
0.012612612612612612,0.05945945945945946,0.005405405405405406,0.4285714285714286,7.207792207792208,1.0,0.004655466277087899,1.645945945945946,0.8722627737226277,0.08108108108108109,0.39244663382594425,0.25974025974025977,developing country,customer loyalty
0.021621621621621623,0.04684684684684685,0.007207207207207207,0.3333333333333333,7.115384615384615,1.0,0.0061943024105186265,1.4297297297297296,0.8784530386740331,0.11764705882352942,0.3005671077504725,0.24358974358974358,reputation,customer satisfaction
0.021621621621621623,0.05945945945945946,0.009009009009009009,0.41666666666666663,7.007575757575757,1.0,0.007723399074750426,1.612355212355212,0.876243093922652,0.125,0.3797892720306513,0.28409090909090906,customer trust,customer loyalty
0.03063063063063063,0.05945945945945946,0.012612612612612612,0.4117647058823529,6.925133689839572,1.0,0.010791331872412952,1.5989189189189188,0.8826340945300053,0.1627906976744186,0.3745774171737661,0.3119429590017825,corporate image,customer loyalty
0.03963963963963964,0.04684684684684685,0.012612612612612612,0.3181818181818182,6.791958041958042,1.0,0.010755620485350215,1.397957957957958,0.8879656928437417,0.17073170731707316,0.28467090565389236,0.2937062937062937,purchase intention,brand image
0.023423423423423424,0.05945945945945946,0.009009009009009009,0.38461538461538464,6.468531468531468,1.0,0.0076162649135622104,1.5283783783783782,0.8656826568265683,0.12195121951219513,0.345711759504863,0.2680652680652681,corporate reputation,customer loyalty
0.014414414414414415,0.05945945945945946,0.005405405405405406,0.375,6.306818181818182,1.0,0.0045483321158996835,1.5048648648648648,0.8537477148080438,0.07894736842105263,0.33548850574712646,0.23295454545454547,pakistan,customer loyalty
0.04684684684684685,0.05945945945945946,0.016216216216216217,0.34615384615384615,5.821678321678321,1.0,0.01343072802532262,1.4384737678855324,0.868935097668557,0.18000000000000002,0.3048187444739169,0.3094405594405594,customer satisfaction,customer loyalty
0.012612612612612612,0.14414414414414414,0.005405405405405406,0.4285714285714286,2.973214285714286,1.0,0.003587371154938723,1.4977477477477479,0.6721411192214113,0.03571428571428571,0.33233082706766925,0.2330357142857143,financial performance,csr
0.014414414414414415,0.14414414414414414,0.005405405405405406,0.375,2.6015625,1.0,0.003327651976300625,1.3693693693693694,0.6246191346739792,0.03529411764705883,0.26973684210526316,0.20625,purchase intentions,csr
0.014414414414414415,0.14414414414414414,0.005405405405405406,0.375,2.6015625,1.0,0.003327651976300625,1.3693693693693694,0.6246191346739792,0.03529411764705883,0.26973684210526316,0.20625,sem,csr
0.014414414414414415,0.4198198198198198,0.014414414414414415,1.0,2.3819742489270386,1.0,0.008362957552146742,inf,0.5886654478976234,0.034334763948497854,1.0,0.5171673819742489,identification,corporate social responsibility
0.009009009009009009,0.4198198198198198,0.009009009009009009,1.0,2.3819742489270386,1.0,0.005226848470091713,inf,0.5854545454545453,0.02145922746781116,1.0,0.5107296137339056,corporate reputation + customer loyalty,corporate social responsibility
0.009009009009009009,0.4198198198198198,0.009009009009009009,1.0,2.3819742489270386,1.0,0.005226848470091713,inf,0.5854545454545453,0.02145922746781116,1.0,0.5107296137339056,customer loyalty + customer trust,corporate social responsibility
0.009009009009009009,0.4198198198198198,0.009009009009009009,1.0,2.3819742489270386,1.0,0.005226848470091713,inf,0.5854545454545453,0.02145922746781116,1.0,0.5107296137339056,customer satisfaction + customer trust,corporate social responsibility
0.007207207207207207,0.4198198198198198,0.007207207207207207,1.0,2.3819742489270386,1.0,0.004181478776073371,inf,0.5843920145190563,0.017167381974248927,1.0,0.5085836909871244,customer loyalty + customer satisfaction + customer trust,corporate social responsibility
0.007207207207207207,0.4198198198198198,0.007207207207207207,1.0,2.3819742489270386,1.0,0.004181478776073371,inf,0.5843920145190563,0.017167381974248927,1.0,0.5085836909871244,systematic literature review,corporate social responsibility
0.005405405405405406,0.4198198198198198,0.005405405405405406,1.0,2.3819742489270386,1.0,0.0031361090820550283,inf,0.5833333333333333,0.012875536480686697,1.0,0.5064377682403434,attitudinal loyalty,corporate social responsibility
0.005405405405405406,0.4198198198198198,0.005405405405405406,1.0,2.3819742489270386,1.0,0.0031361090820550283,inf,0.5833333333333333,0.012875536480686697,1.0,0.5064377682403434,corporate reputation + customer trust,corporate social responsibility
0.005405405405405406,0.4198198198198198,0.005405405405405406,1.0,2.3819742489270386,1.0,0.0031361090820550283,inf,0.5833333333333333,0.012875536480686697,1.0,0.5064377682403434,corporate social irresponsibility,corporate social responsibility
0.005405405405405406,0.4198198198198198,0.005405405405405406,1.0,2.3819742489270386,1.0,0.0031361090820550283,inf,0.5833333333333333,0.012875536480686697,1.0,0.5064377682403434,customer loyalty + pakistan,corporate social responsibility
0.005405405405405406,0.4198198198198198,0.005405405405405406,1.0,2.3819742489270386,1.0,0.0031361090820550283,inf,0.5833333333333333,0.012875536480686697,1.0,0.5064377682403434,hotel,corporate social responsibility
0.005405405405405406,0.4198198198198198,0.005405405405405406,1.0,2.3819742489270386,1.0,0.0031361090820550283,inf,0.5833333333333333,0.012875536480686697,1.0,0.5064377682403434,loyalty + satisfaction,corporate social responsibility
0.005405405405405406,0.4198198198198198,0.005405405405405406,1.0,2.3819742489270386,1.0,0.0031361090820550283,inf,0.5833333333333333,0.012875536480686697,1.0,0.5064377682403434,philanthropy,corporate social responsibility
0.018018018018018018,0.14414414414414414,0.005405405405405406,0.30000000000000004,2.0812500000000003,1.0,0.00280821361902443,1.2226512226512227,0.5290519877675841,0.034482758620689655,0.1821052631578948,0.16875,banks,csr
0.012612612612612612,0.4198198198198198,0.010810810810810811,0.8571428571428572,2.041692213366033,1.0,0.005515786056326598,4.061261261261263,0.516727493917275,0.025641025641025644,0.7537710736468501,0.4414469650521153,developing country,corporate social responsibility
0.012612612612612612,0.4198198198198198,0.010810810810810811,0.8571428571428572,2.041692213366033,1.0,0.005515786056326598,4.061261261261263,0.516727493917275,0.025641025641025644,0.7537710736468501,0.4414469650521153,meta-analysis,corporate social responsibility
0.010810810810810811,0.4198198198198198,0.009009009009009009,0.8333333333333333,1.984978540772532,1.0,0.004470416362308254,3.48108108108108,0.5016393442622951,0.021367521367521368,0.7127329192546582,0.4273962804005722,banking industry,corporate social responsibility
0.010810810810810811,0.4198198198198198,0.009009009009009009,0.8333333333333333,1.984978540772532,1.0,0.004470416362308254,3.48108108108108,0.5016393442622951,0.021367521367521368,0.7127329192546582,0.4273962804005722,hospitality,corporate social responsibility
0.018018018018018018,0.4198198198198198,0.014414414414414415,0.8,1.905579399141631,1.0,0.006850093336579824,2.900900900900902,0.4839449541284404,0.03404255319148937,0.6552795031055901,0.41716738197424896,banks,corporate social responsibility
0.009009009009009009,0.4198198198198198,0.007207207207207207,0.8,1.905579399141631,1.0,0.003425046668289912,2.900900900900902,0.4795454545454546,0.017094017094017092,0.6552795031055901,0.4085836909871245,banking sector,corporate social responsibility
0.009009009009009009,0.4198198198198198,0.007207207207207207,0.8,1.905579399141631,1.0,0.003425046668289912,2.900900900900902,0.4795454545454546,0.017094017094017092,0.6552795031055901,0.4085836909871245,customers,corporate social responsibility
0.009009009009009009,0.4198198198198198,0.007207207207207207,0.8,1.905579399141631,1.0,0.003425046668289912,2.900900900900902,0.4795454545454546,0.017094017094017092,0.6552795031055901,0.4085836909871245,employees,corporate social responsibility
0.009009009009009009,0.4198198198198198,0.007207207207207207,0.8,1.905579399141631,1.0,0.003425046668289912,2.900900900900902,0.4795454545454546,0.017094017094017092,0.6552795031055901,0.4085836909871245,structural equation modelling,corporate social responsibility
0.016216216216216217,0.4198198198198198,0.012612612612612612,0.7777777777777777,1.8526466380543631,1.0,0.00580472364256148,2.61081081081081,0.467817896389325,0.02978723404255319,0.6169772256728776,0.4039103481163567,customer loyalty + customer satisfaction,corporate social responsibility
0.021621621621621623,0.4198198198198198,0.016216216216216217,0.75,1.786480686695279,1.0,0.007139030922814708,2.320720720720721,0.44996930632289756,0.038135593220338986,0.5690993788819876,0.39431330472103004,customer trust,corporate social responsibility
0.014414414414414415,0.4198198198198198,0.010810810810810811,0.75,1.786480686695279,1.0,0.004759353948543138,2.320720720720721,0.44667885435709936,0.025531914893617023,0.5690993788819876,0.3878755364806867,pakistan,corporate social responsibility
0.007207207207207207,0.4198198198198198,0.005405405405405406,0.75,1.786480686695279,1.0,0.002379676974271569,2.320720720720721,0.4434361766485179,0.012820512820512822,0.5690993788819876,0.38143776824034337,consumer,corporate social responsibility
0.007207207207207207,0.4198198198198198,0.005405405405405406,0.75,1.786480686695279,1.0,0.002379676974271569,2.320720720720721,0.4434361766485179,0.012820512820512822,0.5690993788819876,0.38143776824034337,corporate branding,corporate social responsibility
0.007207207207207207,0.4198198198198198,0.005405405405405406,0.75,1.786480686695279,1.0,0.002379676974271569,2.320720720720721,0.4434361766485179,0.012820512820512822,0.5690993788819876,0.38143776824034337,crisis,corporate social responsibility
0.007207207207207207,0.4198198198198198,0.005405405405405406,0.75,1.786480686695279,1.0,0.002379676974271569,2.320720720720721,0.4434361766485179,0.012820512820512822,0.5690993788819876,0.38143776824034337,customer citizenship behavior,corporate social responsibility
0.007207207207207207,0.4198198198198198,0.005405405405405406,0.75,1.786480686695279,1.0,0.002379676974271569,2.320720720720721,0.4434361766485179,0.012820512820512822,0.5690993788819876,0.38143776824034337,customer satisfaction + reputation,corporate social responsibility
0.007207207207207207,0.4198198198198198,0.005405405405405406,0.75,1.786480686695279,1.0,0.002379676974271569,2.320720720720721,0.4434361766485179,0.012820512820512822,0.5690993788819876,0.38143776824034337,emerging markets,corporate social responsibility
0.007207207207207207,0.4198198198198198,0.005405405405405406,0.75,1.786480686695279,1.0,0.002379676974271569,2.320720720720721,0.4434361766485179,0.012820512820512822,0.5690993788819876,0.38143776824034337,employee commitment,corporate social responsibility
0.012612612612612612,0.4198198198198198,0.009009009009009009,0.7142857142857143,1.7014101778050277,1.0,0.0037139842545247954,2.030630630630631,0.41751824817518246,0.021276595744680854,0.5075421472937001,0.3678724708767627,word of mouth,corporate social responsibility
0.023423423423423424,0.4198198198198198,0.016216216216216217,0.6923076923076923,1.6490590954110267,1.0,0.006382598815031249,1.8855855855855856,0.40303403034030344,0.037974683544303806,0.4696607740086,0.3654671508748762,corporate reputation,corporate social responsibility
0.014414414414414415,0.4198198198198198,0.009009009009009009,0.625,1.488733905579399,1.0,0.0029575521467413357,1.5471471471471474,0.33308957952468,0.0211864406779661,0.3536490683229814,0.3232296137339056,satisfaction,corporate social responsibility
0.018018018018018018,0.4198198198198198,0.010810810810810811,0.6000000000000001,1.4291845493562234,1.0,0.0032464897329762205,1.450450450450451,0.3058103975535169,0.025316455696202535,0.31055900621118027,0.3128755364806867,covid-19,corporate social responsibility
0.009009009009009009,0.4198198198198198,0.005405405405405406,0.6000000000000001,1.4291845493562234,1.0,0.0016232448664881102,1.450450450450451,0.3030303030303031,0.012765957446808512,0.31055900621118027,0.3064377682403434,altruism,corporate social responsibility
0.009009009009009009,0.4198198198198198,0.005405405405405406,0.6000000000000001,1.4291845493562234,1.0,0.0016232448664881102,1.450450450450451,0.3030303030303031,0.012765957446808512,0.31055900621118027,0.3064377682403434,co-creation,corporate social responsibility
0.009009009009009009,0.4198198198198198,0.005405405405405406,0.6000000000000001,1.4291845493562234,1.0,0.0016232448664881102,1.450450450450451,0.3030303030303031,0.012765957446808512,0.31055900621118027,0.3064377682403434,corporate ability,corporate social responsibility
0.009009009009009009,0.4198198198198198,0.005405405405405406,0.6000000000000001,1.4291845493562234,1.0,0.0016232448664881102,1.450450450450451,0.3030303030303031,0.012765957446808512,0.31055900621118027,0.3064377682403434,csr authenticity,corporate social responsibility
0.009009009009009009,0.4198198198198198,0.005405405405405406,0.6000000000000001,1.4291845493562234,1.0,0.0016232448664881102,1.450450450450451,0.3030303030303031,0.012765957446808512,0.31055900621118027,0.3064377682403434,organizational trust,corporate social responsibility
0.009009009009009009,0.4198198198198198,0.005405405405405406,0.6000000000000001,1.4291845493562234,1.0,0.0016232448664881102,1.450450450450451,0.3030303030303031,0.012765957446808512,0.31055900621118027,0.3064377682403434,vietnam,corporate social responsibility
0.02702702702702703,0.4198198198198198,0.016216216216216217,0.6,1.4291845493562232,1.0,0.004869734599464329,1.4504504504504505,0.308641975308642,0.03765690376569038,0.3105590062111801,0.31931330472103003,loyalty,corporate social responsibility
0.012612612612612612,0.4198198198198198,0.007207207207207207,0.5714285714285715,1.3611281422440222,1.0,0.0019121824527229938,1.353753753753754,0.26870437956204385,0.01694915254237288,0.26131322094055026,0.2942979767014102,environment,corporate social responsibility
0.012612612612612612,0.4198198198198198,0.007207207207207207,0.5714285714285715,1.3611281422440222,1.0,0.0019121824527229938,1.353753753753754,0.26870437956204385,0.01694915254237288,0.26131322094055026,0.2942979767014102,india,corporate social responsibility
0.016216216216216217,0.4198198198198198,0.009009009009009009,0.5555555555555555,1.323319027181688,1.0,0.002201120038957877,1.3054054054054054,0.24835164835164839,0.021097046413502112,0.23395445134575554,0.2885073915116833,china,corporate social responsibility
0.016216216216216217,0.4198198198198198,0.009009009009009009,0.5555555555555555,1.323319027181688,1.0,0.002201120038957877,1.3054054054054054,0.24835164835164839,0.021097046413502112,0.23395445134575554,0.2885073915116833,consumer behavior,corporate social responsibility
0.016216216216216217,0.4198198198198198,0.009009009009009009,0.5555555555555555,1.323319027181688,1.0,0.002201120038957877,1.3054054054054054,0.24835164835164839,0.021097046413502112,0.23395445134575554,0.2885073915116833,firm performance,corporate social responsibility
0.01981981981981982,0.4198198198198198,0.010810810810810811,0.5454545454545455,1.2992586812329303,1.0,0.0024900576251927625,1.2763963963963967,0.23498774509803944,0.025210084033613446,0.21654432523997752,0.28560280920795944,organizational identification,corporate social responsibility
0.01981981981981982,0.4198198198198198,0.010810810810810811,0.5454545454545455,1.2992586812329303,1.0,0.0024900576251927625,1.2763963963963967,0.23498774509803944,0.025210084033613446,0.21654432523997752,0.28560280920795944,willingness to pay,corporate social responsibility
0.05945945945945946,0.4198198198198198,0.032432432432432434,0.5454545454545454,1.29925868123293,1.0,0.007470172875578281,1.2763963963963965,0.24489144316730524,0.07258064516129033,0.21654432523997735,0.3113538821693328,customer loyalty,corporate social responsibility
0.04684684684684685,0.4198198198198198,0.025225225225225224,0.5384615384615384,1.2826015186530209,1.0,0.005557990422855288,1.2570570570570572,0.23116392114501758,0.05714285714285714,0.2044911610129001,0.29927368768570484,customer satisfaction,corporate social responsibility
0.03063063063063063,0.4198198198198198,0.016216216216216217,0.5294117647058824,1.2610451906084323,1.0,0.0033568703838974118,1.232882882882883,0.21354812061131767,0.03734439834024896,0.18889294848374133,0.2840191870739712,corporate image,corporate social responsibility
0.02882882882882883,0.4198198198198198,0.014414414414414415,0.5,1.1909871244635193,1.0,0.002311500689879068,1.1603603603603605,0.16512059369202226,0.033195020746887974,0.13819875776397517,0.26716738197424894,sustainable development,corporate social responsibility
0.025225225225225224,0.4198198198198198,0.012612612612612612,0.5,1.1909871244635193,1.0,0.002022563103644185,1.1603603603603605,0.16451016635859522,0.029166666666666664,0.13819875776397517,0.26502145922746784,brand equity,corporate social responsibility
0.021621621621621623,0.4198198198198198,0.010810810810810811,0.5,1.1909871244635193,1.0,0.001733625517409302,1.1603603603603605,0.1639042357274402,0.025104602510460254,0.13819875776397517,0.2628755364806867,reputation,corporate social responsibility
0.014414414414414415,0.4198198198198198,0.007207207207207207,0.5,1.1909871244635193,1.0,0.001155750344939534,1.1603603603603605,0.16270566727605118,0.016877637130801686,0.13819875776397517,0.25858369098712447,brand awareness,corporate social responsibility
0.010810810810810811,0.4198198198198198,0.005405405405405406,0.5,1.1909871244635193,1.0,0.000866812758704651,1.1603603603603605,0.16211293260473594,0.012711864406779662,0.13819875776397517,0.25643776824034337,job satisfaction,corporate social responsibility
0.010810810810810811,0.4198198198198198,0.005405405405405406,0.5,1.1909871244635193,1.0,0.000866812758704651,1.1603603603603605,0.16211293260473594,0.012711864406779662,0.13819875776397517,0.25643776824034337,organizational commitment,corporate social responsibility
0.010810810810810811,0.4198198198198198,0.005405405405405406,0.5,1.1909871244635193,1.0,0.000866812758704651,1.1603603603603605,0.16211293260473594,0.012711864406779662,0.13819875776397517,0.25643776824034337,stakeholder engagement,corporate social responsibility
0.010810810810810811,0.4198198198198198,0.005405405405405406,0.5,1.1909871244635193,1.0,0.000866812758704651,1.1603603603603605,0.16211293260473594,0.012711864406779662,0.13819875776397517,0.25643776824034337,sustainable consumption,corporate social responsibility
0.010810810810810811,0.4198198198198198,0.005405405405405406,0.5,1.1909871244635193,1.0,0.000866812758704651,1.1603603603603605,0.16211293260473594,0.012711864406779662,0.13819875776397517,0.25643776824034337,systematic review,corporate social responsibility
0.05765765765765766,0.4198198198198198,0.02702702702702703,0.46875,1.1165504291845494,1.0,0.0028211995779563355,1.0921038685744568,0.11077119184193757,0.060000000000000005,0.08433618012422361,0.2665638412017167,sustainability,corporate social responsibility
0.023423423423423424,0.4198198198198198,0.010810810810810811,0.46153846153846156,1.099372730274018,1.0,0.0009771934096258431,1.0774774774774776,0.09255842558425594,0.025000000000000005,0.07190635451505023,0.2436447672499175,social media,corporate social responsibility
0.016216216216216217,0.4198198198198198,0.007207207207207207,0.4444444444444444,1.0586552217453504,1.0,0.00039931823715607523,1.0443243243243243,0.056318681318681355,0.01680672268907563,0.042443064182194595,0.23080591320934668,service quality,corporate social responsibility
0.012612612612612612,0.4198198198198198,0.005405405405405406,0.4285714285714286,1.0208461066830166,1.0,0.00011038065092119215,1.0153153153153156,0.02068126520681278,0.012658227848101267,0.015084294587400253,0.22072348252605764,financial performance,corporate social responsibility
0.04684684684684685,0.4198198198198198,0.01981981981981982,0.4230769230769231,1.0077583360845164,1.0,0.00015258501744988204,1.005645645645646,0.008076989173397477,0.044354838709677415,0.005613951266125195,0.23514361175305382,brand image,corporate social responsibility
0.018018018018018018,0.4198198198198198,0.007207207207207207,0.4,0.9527896995708155,1.0,-0.0003571138706273836,0.9669669669669672,-0.04803493449781652,0.01673640167364017,-0.034161490683229746,0.20858369098712448,competitive advantage,corporate social responsibility
0.032432432432432434,0.4198198198198198,0.012612612612612612,0.38888888888888884,0.9263233190271816,1.0,-0.001003165327489652,0.9493857493857494,-0.07595870206489677,0.02868852459016393,-0.053312629399585976,0.20946590367191223,trust,corporate social responsibility
0.02882882882882883,0.4198198198198198,0.010810810810810811,0.375,0.8932403433476395,1.0,-0.001292102913724535,0.9282882882882884,-0.1095814977973568,0.02469135802469136,-0.07725155279503103,0.2003755364806867,brand loyalty,corporate social responsibility
0.014414414414414415,0.4198198198198198,0.005405405405405406,0.375,0.8932403433476395,1.0,-0.0006460514568622676,0.9282882882882884,-0.10815217391304345,0.012605042016806723,-0.07725155279503103,0.19393776824034334,affective commitment,corporate social responsibility
0.014414414414414415,0.4198198198198198,0.005405405405405406,0.375,0.8932403433476395,1.0,-0.0006460514568622676,0.9282882882882884,-0.10815217391304345,0.012605042016806723,-0.07725155279503103,0.19393776824034334,brand trust,corporate social responsibility
0.014414414414414415,0.4198198198198198,0.005405405405405406,0.375,0.8932403433476395,1.0,-0.0006460514568622676,0.9282882882882884,-0.10815217391304345,0.012605042016806723,-0.07725155279503103,0.19393776824034334,purchase intentions,corporate social responsibility
0.03963963963963964,0.4198198198198198,0.014414414414414415,0.36363636363636365,0.8661724541552869,1.0,-0.002227091956821683,0.9117117117117118,-0.1385858585858584,0.03238866396761134,-0.09683794466403156,0.19898556379243076,purchase intention,corporate social responsibility
0.016216216216216217,0.4198198198198198,0.005405405405405406,0.3333333333333333,0.7939914163090128,1.0,-0.0014024835646457264,0.8702702702702703,-0.20869565217391298,0.012552301255230127,-0.14906832298136646,0.17310443490701,brand identification,corporate social responsibility
